[
  {
    "id": 1,
    "first_name": "Elena",
    "last_name": "Pavlovna",
    "poster": "pavlovna",
    "email": "elena-pavlovna@vk.com",
    "gender": "Female",
    "ip_address": "67.76.188.26",
    "text": "Lorem ipsum hammer dolor sit amet, consectetur adipisicing elit. Lorem ipsum dolor sit amet, consectetur adipisicing elit. Animi aut earum labore modi pariatur provident repellendus sint tempora voluptas? Alias cumque dolores excepturi, impedit inventore libero, nemo neque, omnis provident tempore totam velit voluptate"
  },
  {
    "id": 2,
    "first_name": "Viktor",
    "last_name": "Viktorov",
    "poster": "viktorov",
    "email": "viktor-viktorov@vk.com",
    "gender": "Male",
    "ip_address": "67.76.188.26",
    "text": "Lorem nissan ipsum dolor sit amet, consectetur adipisicing elit. Animi aut earum labore modi pariatur provident repellendus sint tempora voluptas? Lorem ipsum dolor sit amet, consectetur adipisicing elit. Alias cumque dolores excepturi, impedit inventore libero, nemo neque, omnis provident tempore totam velit voluptate"
  },
  {
    "id": 3,
    "first_name": "Jeanette",
    "last_name": "Penddreth",
    "poster": "penddreth",
    "email": "jpenddreth0@census.gov",
    "gender": "Female",
    "ip_address": "26.58.193.2",
    "text": "Lorem volvo ipsum dolor sit amet, consectetur adipisicing elit. Animi aut earum labore modi pariatur provident repellendus sint tempora voluptas? Alias cumque dolores excepturi, impedit inventore libero, nemo neque, omnis provident tempore totam velit voluptate"
  },
  {
    "id": 4,
    "first_name": "Giavani",
    "last_name": "Frediani",
    "poster": "frediani",
    "email": "gfrediani1@senate.gov",
    "gender": "Male",
    "ip_address": "229.179.4.212",
    "text": "Lorem mercedes ipsum dolor sit amet, consectetur adipisicing elit. Animi aut earum labore modi pariatur provident repellendus sint tempora voluptas? Alias cumque dolores excepturi, impedit inventore libero, nemo neque, omnis provident tempore totam velit voluptate. Lorem ipsum dolor sit amet, consectetur adipisicing elit."
  },
  {
    "id": 5,
    "first_name": "Noell",
    "last_name": "Bea",
    "poster": "bea",
    "email": "nbea2@imageshack.us",
    "gender": "Female",
    "ip_address": "180.66.162.255",
    "text": "Lorem ipsum dolor sit amet, consectetur adipisicing elit. Animi aut earum labore modi pariatur provident repellendus sint tempora voluptas? Alias cumque dolores excepturi Animi aut earum labore modi pariatur provident repellendus sint tempora voluptas? Alias cumque dolores excepturi, impedit inventore libero, nemo neque, omnis provident tempore totam velit voluptate"
  },
  {
    "id": 6,
    "first_name": "Willard",
    "last_name": "Valek",
    "poster": "valek",
    "email": "wvalek3@vk.com",
    "gender": "Male",
    "ip_address": "67.76.188.26",
    "text": "Lorem audi ipsum dolor sit amet, consectetur adipisicing elit. Animi aut earum Lorem ipsum dolor sit amet, consectetur adipisicing elit. Animi aut earum labore modi pariatur provident repellendus sint tempora voluptas? Alias cumque dolores excepturi, impedit inventore libero, nemo neque, omnis provident tempore totam velit voluptate"
  },
  {
    "id": 7,
    "first_name": "Vlad",
    "last_name": "Vladimir",
    "poster": "viktorov",
    "email": "viktor-viktorov@vk.com",
    "gender": "Male",
    "ip_address": "67.76.188.26",
    "text": "Lorem bmw ipsum dolor sit amet, consectetur adipisicing elit. Animi aut earum labore modi pariatur provident repellendus sint tempora voluptas? Lorem ipsum dolor sit amet, consectetur adipisicing elit. Alias cumque dolores excepturi, impedit inventore libero, nemo neque, omnis provident tempore totam velit voluptate"
  }
]