<speakers>
    <speaker>
        <name>Jennifer Jerome</name>
        <shortname>Jennifer_Jerome</shortname>
        <reknown>New Orleans, LA</reknown>
        <bio>Lorem ipsum dolor sit amet, consectetur adipisicing elit. Consequatur enim explicabo ipsam minus obcaecati
            perferendis tempora. Accusantium aspernatur atque culpa cumque cupiditate delectus dolor dolorem earum eius,
            eligendi facilis fuga fugit ipsum labore laudantium libero magnam officia provident quidem quo quos rerum
            soluta totam. Eum?
        </bio>
    </speaker>
    <speaker>
        <name>Jennifer Jerome 2</name>
        <shortname>Jennifer_Jerome_2</shortname>
        <reknown>New Orleans, LA 2</reknown>
        <bio>2 Lorem ipsum dolor sit amet, consectetur adipisicing elit. Consequatur enim explicabo ipsam minus obcaecati
            perferendis tempora. Accusantium aspernatur atque culpa cumque cupiditate delectus dolor dolorem earum eius,
            eligendi facilis fuga fugit ipsum labore laudantium libero magnam officia provident quidem quo quos rerum
            soluta totam. Eum?
        </bio>
    </speaker>
    <speaker>
        <name>Jennifer Jerome 3</name>
        <shortname>Jennifer_Jerome 3</shortname>
        <reknown>New Orleans, LA 3</reknown>
        <bio>3 Lorem ipsum dolor sit amet, consectetur adipisicing elit. Consequatur enim explicabo ipsam minus obcaecati
            perferendis tempora. Accusantium aspernatur atque culpa cumque cupiditate delectus dolor dolorem earum eius,
            eligendi facilis fuga fugit ipsum labore laudantium libero magnam officia provident quidem quo quos rerum
            soluta totam. Eum?
        </bio>
    </speaker>
    <speaker>
        <name>Jennifer Jerome 4</name>
        <shortname>Jennifer_Jerome 4</shortname>
        <reknown>New Orleans, LA 4</reknown>
        <bio>4 Lorem ipsum dolor sit amet, consectetur adipisicing elit. Consequatur enim explicabo ipsam minus obcaecati
            perferendis tempora. Accusantium aspernatur atque culpa cumque cupiditate delectus dolor dolorem earum eius,
            eligendi facilis fuga fugit ipsum labore laudantium libero magnam officia provident quidem quo quos rerum
            soluta totam. Eum?
        </bio>
    </speaker>
    <speaker>
        <name>Jennifer Jerome 5</name>
        <shortname>Jennifer_Jerome 5</shortname>
        <reknown>New Orleans, LA 5</reknown>
        <bio>5 Lorem ipsum dolor sit amet, consectetur adipisicing elit. Consequatur enim explicabo ipsam minus obcaecati
            perferendis tempora. Accusantium aspernatur atque culpa cumque cupiditate delectus dolor dolorem earum eius,
            eligendi facilis fuga fugit ipsum labore laudantium libero magnam officia provident quidem quo quos rerum
            soluta totam. Eum?
        </bio>
    </speaker>
    <speaker>
        <name>Jennifer Jerome 6</name>
        <shortname>Jennifer_Jerome 6</shortname>
        <reknown>New Orleans, LA 6</reknown>
        <bio>6 Lorem ipsum dolor sit amet, consectetur adipisicing elit. Consequatur enim explicabo ipsam minus obcaecati
            perferendis tempora. Accusantium aspernatur atque culpa cumque cupiditate delectus dolor dolorem earum eius,
            eligendi facilis fuga fugit ipsum labore laudantium libero magnam officia provident quidem quo quos rerum
            soluta totam. Eum?
        </bio>
    </speaker>
</speakers>