[
  {
    "id": 4,
    "first_name": "Viktor",
    "last_name": "Viktorov",
    "email": "viktor-viktorov@vk.com",
    "gender": "Male",
    "ip_address": "67.76.188.26",
    "text": "Lorem ipsum dolor sit amet, consectetur adipisicing elit. Animi aut earum labore modi pariatur provident repellendus sint tempora voluptas? Alias cumque dolores excepturi, impedit inventore libero, nemo neque, omnis provident tempore totam velit voluptate"
  },
  {
    "id": 1,
    "first_name": "Jeanette",
    "last_name": "Penddreth",
    "email": "jpenddreth0@census.gov",
    "gender": "Female",
    "ip_address": "26.58.193.2",
    "text": "Lorem ipsum dolor sit amet, consectetur adipisicing elit. Animi aut earum labore modi pariatur provident repellendus sint tempora voluptas? Alias cumque dolores excepturi, impedit inventore libero, nemo neque, omnis provident tempore totam velit voluptate"
  },
  {
    "id": 2,
    "first_name": "Giavani",
    "last_name": "Frediani",
    "email": "gfrediani1@senate.gov",
    "gender": "Male",
    "ip_address": "229.179.4.212",
    "text": "Lorem ipsum dolor sit amet, consectetur adipisicing elit. Animi aut earum labore modi pariatur provident repellendus sint tempora voluptas? Alias cumque dolores excepturi, impedit inventore libero, nemo neque, omnis provident tempore totam velit voluptate"
  },
  {
    "id": 3,
    "first_name": "Noell",
    "last_name": "Bea",
    "email": "nbea2@imageshack.us",
    "gender": "Female",
    "ip_address": "180.66.162.255",
    "text": "Lorem ipsum dolor sit amet, consectetur adipisicing elit. Animi aut earum labore modi pariatur provident repellendus sint tempora voluptas? Alias cumque dolores excepturi, impedit inventore libero, nemo neque, omnis provident tempore totam velit voluptate"
  },
  {
    "id": 4,
    "first_name": "Willard",
    "last_name": "Valek",
    "email": "wvalek3@vk.com",
    "gender": "Male",
    "ip_address": "67.76.188.26",
    "text": "Lorem ipsum dolor sit amet, consectetur adipisicing elit. Animi aut earum labore modi pariatur provident repellendus sint tempora voluptas? Alias cumque dolores excepturi, impedit inventore libero, nemo neque, omnis provident tempore totam velit voluptate"
  }
]